item_id,split,category,status,drop_reason,a_correctness,a_completeness,a_tone,a_non_fabrication,a_total,a_pass,b_correctness,b_completeness,b_tone,b_non_fabrication,b_total,b_pass,consensus_correctness,consensus_completeness,consensus_tone,consensus_non_fabrication,consensus_total,consensus_pass
1,dev,returns,keep,,2,2,2,1,7,1,1,2,2,1,6,1,1,2,2,1,6,1
2,dev,returns,keep,,2,2,2,2,8,1,2,2,2,2,8,1,2,2,2,2,8,1
3,dev,returns,keep,,2,2,2,2,8,1,2,2,2,2,8,1,2,2,2,2,8,1
4,test,returns,keep,,2,2,2,2,8,1,2,2,2,2,8,1,2,2,2,2,8,1
5,dev,returns,keep,,2,2,1,2,7,1,2,2,2,2,8,1,2,2,2,2,8,1
6,dev,returns,keep,,2,2,2,2,8,1,2,2,2,2,8,1,2,2,2,2,8,1
7,dev,returns,keep,,2,2,2,2,8,1,2,2,2,2,8,1,2,2,2,2,8,1
8,test,returns,keep,,1,2,2,1,6,1,1,2,2,1,6,1,1,2,2,1,6,1
9,dev,returns,keep,,2,2,2,2,8,1,2,2,2,2,8,1,2,2,2,2,8,1
10,dev,returns,keep,,2,2,2,2,8,1,2,2,2,2,8,1,2,2,2,2,8,1
11,dev,returns,keep,,2,2,2,2,8,1,2,2,2,2,8,1,2,2,2,2,8,1
12,test,returns,keep,,2,2,2,2,8,1,2,2,2,2,8,1,2,2,2,2,8,1
13,dev,returns,keep,,2,2,2,2,8,1,2,2,2,2,8,1,2,2,2,2,8,1
14,dev,returns,keep,,2,2,2,2,8,1,2,2,2,2,8,1,2,2,2,2,8,1
15,dev,returns,keep,,2,2,2,2,8,1,2,2,2,2,8,1,2,2,2,2,8,1
16,test,returns,keep,,2,2,2,2,8,1,2,2,2,2,8,1,2,2,2,2,8,1
17,dev,damaged_delivery,keep,,2,2,2,2,8,1,2,2,2,2,8,1,2,2,2,2,8,1
18,dev,damaged_delivery,keep,,2,2,2,2,8,1,2,2,2,2,8,1,2,2,2,2,8,1
19,dev,damaged_delivery,keep,,2,2,2,2,8,1,1,2,2,2,7,1,1,2,2,2,7,1
20,test,damaged_delivery,keep,,2,2,2,2,8,1,2,2,2,2,8,1,2,2,2,2,8,1
21,dev,damaged_delivery,keep,,1,2,2,2,7,1,1,2,2,2,7,1,1,2,2,2,7,1
22,dev,damaged_delivery,keep,,2,1,2,2,7,1,2,2,2,2,8,1,2,2,2,2,8,1
23,dev,damaged_delivery,keep,,2,2,2,1,7,1,2,2,2,1,7,1,2,2,2,1,7,1
24,test,damaged_delivery,keep,,2,2,2,2,8,1,2,2,2,2,8,1,2,2,2,2,8,1
25,dev,damaged_delivery,keep,,2,2,2,2,8,1,2,2,2,2,8,1,2,2,2,2,8,1
26,dev,damaged_delivery,keep,,2,2,2,2,8,1,2,2,2,2,8,1,2,2,2,2,8,1
27,dev,damaged_delivery,keep,,2,2,2,2,8,1,2,2,2,2,8,1,2,2,2,2,8,1
28,test,damaged_delivery,keep,,2,2,2,2,8,1,2,2,2,2,8,1,2,2,2,2,8,1
29,dev,damaged_delivery,keep,,2,2,2,2,8,1,2,2,2,2,8,1,2,2,2,2,8,1
30,dev,damaged_delivery,keep,,0,2,2,0,4,0,0,2,2,0,4,0,0,2,2,0,4,0
31,dev,damaged_delivery,keep,,2,2,2,2,8,1,2,2,2,2,8,1,2,2,2,2,8,1
32,test,damaged_delivery,keep,,2,2,2,2,8,1,2,2,2,2,8,1,2,2,2,2,8,1
33,dev,shipping_delay,keep,,2,2,2,2,8,1,2,2,2,2,8,1,2,2,2,2,8,1
34,dev,shipping_delay,keep,,2,2,2,2,8,1,2,2,2,2,8,1,2,2,2,2,8,1
35,dev,shipping_delay,keep,,2,2,2,2,8,1,2,2,2,2,8,1,2,2,2,2,8,1
36,test,shipping_delay,keep,,2,2,2,2,8,1,2,2,2,2,8,1,2,2,2,2,8,1
37,dev,shipping_delay,keep,,2,2,2,2,8,1,2,2,2,2,8,1,2,2,2,2,8,1
38,dev,shipping_delay,keep,,1,2,2,2,7,1,1,2,2,2,7,1,1,2,2,2,7,1
39,dev,shipping_delay,keep,,2,2,2,2,8,1,2,2,2,2,8,1,2,2,2,2,8,1
40,test,shipping_delay,keep,,2,2,2,2,8,1,2,2,2,2,8,1,2,2,2,2,8,1
41,dev,shipping_delay,keep,,2,2,2,2,8,1,2,2,2,2,8,1,2,2,2,2,8,1
42,dev,shipping_delay,keep,,1,2,2,2,7,1,1,2,2,1,6,1,1,2,2,1,6,1
43,dev,shipping_delay,keep,,2,2,2,2,8,1,2,2,2,2,8,1,2,2,2,2,8,1
44,test,shipping_delay,keep,,1,2,2,2,7,1,1,2,2,2,7,1,1,2,2,2,7,1
45,dev,shipping_delay,keep,,1,2,2,2,7,1,1,2,2,1,6,1,1,2,2,1,6,1
46,dev,shipping_delay,keep,,2,2,2,2,8,1,2,2,2,2,8,1,2,2,2,2,8,1
47,dev,shipping_delay,keep,,2,2,2,2,8,1,2,2,2,2,8,1,2,2,2,2,8,1
48,test,shipping_delay,keep,,2,2,2,2,8,1,2,2,2,2,8,1,2,2,2,2,8,1
49,dev,subscription_cancel,keep,,2,2,2,2,8,1,2,2,2,2,8,1,2,2,2,2,8,1
50,dev,subscription_cancel,keep,,2,2,2,2,8,1,2,2,2,2,8,1,2,2,2,2,8,1
51,dev,subscription_cancel,keep,,2,2,2,2,8,1,2,2,2,2,8,1,2,2,2,2,8,1
52,test,subscription_cancel,keep,,2,2,2,2,8,1,2,2,2,2,8,1,2,2,2,2,8,1
53,dev,subscription_cancel,keep,,2,2,2,2,8,1,2,2,2,2,8,1,2,2,2,2,8,1
54,dev,subscription_cancel,keep,,2,2,2,2,8,1,2,2,2,2,8,1,2,2,2,2,8,1
55,dev,subscription_cancel,keep,,1,2,2,1,6,1,1,2,2,1,6,1,1,2,2,1,6,1
56,test,subscription_cancel,keep,,2,2,2,2,8,1,2,2,2,2,8,1,2,2,2,2,8,1
57,dev,subscription_cancel,keep,,2,2,2,2,8,1,2,2,2,2,8,1,2,2,2,2,8,1
58,dev,subscription_cancel,keep,,2,2,2,2,8,1,2,2,2,2,8,1,2,2,2,2,8,1
59,dev,subscription_cancel,keep,,2,2,2,2,8,1,2,2,2,2,8,1,2,2,2,2,8,1
60,test,subscription_cancel,keep,,2,2,2,2,8,1,2,2,2,2,8,1,2,2,2,2,8,1
61,dev,subscription_cancel,keep,,2,2,2,1,7,1,1,2,2,1,6,1,1,2,2,1,6,1
62,dev,subscription_cancel,keep,,2,2,2,2,8,1,2,2,2,2,8,1,2,2,2,2,8,1
63,dev,subscription_cancel,keep,,2,2,2,2,8,1,2,2,2,2,8,1,2,2,2,2,8,1
64,test,subscription_cancel,keep,,2,2,2,2,8,1,2,2,2,2,8,1,2,2,2,2,8,1
65,dev,password_reset,keep,,2,2,2,2,8,1,2,2,2,2,8,1,2,2,2,2,8,1
66,dev,password_reset,keep,,2,2,2,2,8,1,2,2,2,2,8,1,2,2,2,2,8,1
67,dev,password_reset,keep,,2,2,2,2,8,1,2,2,2,2,8,1,2,2,2,2,8,1
68,test,password_reset,keep,,2,2,2,2,8,1,2,2,2,2,8,1,2,2,2,2,8,1
69,dev,password_reset,keep,,2,2,2,2,8,1,2,2,2,2,8,1,2,2,2,2,8,1
70,dev,password_reset,keep,,2,2,2,2,8,1,2,2,2,2,8,1,2,2,2,2,8,1
71,dev,password_reset,keep,,2,2,2,2,8,1,2,2,2,2,8,1,2,2,2,2,8,1
72,test,password_reset,keep,,2,2,2,1,7,1,2,2,2,1,7,1,2,2,2,1,7,1
73,dev,password_reset,keep,,2,2,2,2,8,1,2,2,2,2,8,1,2,2,2,2,8,1
74,dev,password_reset,keep,,2,2,2,1,7,1,2,2,2,1,7,1,2,2,2,1,7,1
75,dev,password_reset,keep,,2,2,2,2,8,1,2,2,2,2,8,1,2,2,2,2,8,1
76,test,password_reset,keep,,2,2,2,2,8,1,2,2,2,2,8,1,2,2,2,2,8,1
77,dev,password_reset,keep,,2,2,2,2,8,1,2,2,2,2,8,1,2,2,2,2,8,1
78,dev,password_reset,keep,,2,2,2,2,8,1,2,2,2,2,8,1,2,2,2,2,8,1
79,dev,password_reset,keep,,2,2,2,2,8,1,2,2,2,2,8,1,2,2,2,2,8,1
80,test,password_reset,keep,,2,2,2,2,8,1,2,2,2,2,8,1,2,2,2,2,8,1
81,dev,warranty,keep,,2,2,2,2,8,1,2,2,2,2,8,1,2,2,2,2,8,1
82,dev,warranty,keep,,2,2,2,2,8,1,2,2,2,2,8,1,2,2,2,2,8,1
83,dev,warranty,keep,,2,2,2,2,8,1,2,2,2,2,8,1,2,2,2,2,8,1
84,test,warranty,keep,,2,2,2,2,8,1,2,2,2,2,8,1,2,2,2,2,8,1
85,dev,warranty,keep,,2,2,2,2,8,1,2,2,2,2,8,1,2,2,2,2,8,1
86,dev,warranty,keep,,1,2,2,2,7,1,1,2,2,2,7,1,1,2,2,2,7,1
87,dev,warranty,keep,,2,2,2,2,8,1,2,2,2,2,8,1,2,2,2,2,8,1
88,test,warranty,keep,,2,2,2,2,8,1,2,2,2,2,8,1,2,2,2,2,8,1
89,dev,warranty,keep,,2,2,2,2,8,1,2,2,2,2,8,1,2,2,2,2,8,1
90,dev,warranty,keep,,2,2,2,2,8,1,2,2,2,2,8,1,2,2,2,2,8,1
91,dev,warranty,keep,,2,2,2,2,8,1,2,2,2,2,8,1,2,2,2,2,8,1
92,test,warranty,keep,,2,2,2,2,8,1,2,2,2,2,8,1,2,2,2,2,8,1
93,dev,warranty,keep,,1,2,2,2,7,1,1,2,2,2,7,1,1,2,2,2,7,1
94,dev,warranty,keep,,2,2,2,2,8,1,2,2,2,2,8,1,2,2,2,2,8,1
95,dev,warranty,keep,,2,2,2,2,8,1,2,2,2,2,8,1,2,2,2,2,8,1
96,test,warranty,keep,,2,2,2,2,8,1,2,2,2,2,8,1,2,2,2,2,8,1
97,dev,duplicate_charge,keep,,2,1,2,1,6,1,2,1,2,1,6,1,2,1,2,1,6,1
98,dev,duplicate_charge,keep,,2,2,2,2,8,1,2,2,2,2,8,1,2,2,2,2,8,1
99,dev,duplicate_charge,keep,,1,2,2,2,7,1,1,2,2,2,7,1,1,2,2,2,7,1
100,test,duplicate_charge,keep,,2,2,2,2,8,1,2,2,2,2,8,1,2,2,2,2,8,1
101,dev,duplicate_charge,keep,,2,2,2,2,8,1,2,2,2,2,8,1,2,2,2,2,8,1
102,dev,duplicate_charge,keep,,2,2,2,2,8,1,2,2,2,2,8,1,2,2,2,2,8,1
103,dev,duplicate_charge,keep,,2,2,2,1,7,1,2,2,2,1,7,1,2,2,2,1,7,1
104,test,duplicate_charge,keep,,2,2,2,1,7,1,2,2,2,1,7,1,2,2,2,1,7,1
105,dev,duplicate_charge,keep,,2,2,2,2,8,1,2,2,2,2,8,1,2,2,2,2,8,1
106,dev,duplicate_charge,keep,,2,2,2,2,8,1,2,2,2,2,8,1,2,2,2,2,8,1
107,dev,duplicate_charge,keep,,2,2,2,2,8,1,2,2,2,2,8,1,2,2,2,2,8,1
108,test,duplicate_charge,keep,,0,2,2,2,6,0,0,2,2,2,6,0,0,2,2,2,6,0
109,dev,duplicate_charge,keep,,2,2,2,2,8,1,2,2,2,2,8,1,2,2,2,2,8,1
110,dev,duplicate_charge,keep,,2,2,2,2,8,1,2,2,2,2,8,1,2,2,2,2,8,1
111,dev,duplicate_charge,keep,,2,2,2,2,8,1,2,2,2,2,8,1,2,2,2,2,8,1
112,test,duplicate_charge,keep,,2,2,2,2,8,1,2,2,2,2,8,1,2,2,2,2,8,1
113,dev,address_change,keep,,2,2,2,2,8,1,2,2,2,2,8,1,2,2,2,2,8,1
114,dev,address_change,keep,,2,2,2,2,8,1,2,2,2,2,8,1,2,2,2,2,8,1
115,dev,address_change,keep,,2,2,2,2,8,1,2,2,2,2,8,1,2,2,2,2,8,1
116,test,address_change,keep,,2,2,2,2,8,1,2,2,2,2,8,1,2,2,2,2,8,1
117,dev,address_change,keep,,2,2,2,2,8,1,2,2,2,2,8,1,2,2,2,2,8,1
118,dev,address_change,keep,,2,2,2,2,8,1,2,2,2,2,8,1,2,2,2,2,8,1
119,dev,address_change,keep,,2,2,2,2,8,1,2,2,2,2,8,1,2,2,2,2,8,1
120,test,address_change,keep,,2,2,2,2,8,1,2,2,2,2,8,1,2,2,2,2,8,1
121,dev,address_change,keep,,2,2,2,2,8,1,2,2,2,2,8,1,2,2,2,2,8,1
122,dev,address_change,keep,,2,2,2,2,8,1,2,2,2,2,8,1,2,2,2,2,8,1
123,dev,address_change,keep,,2,2,2,2,8,1,2,2,2,2,8,1,2,2,2,2,8,1
124,test,address_change,keep,,2,2,2,2,8,1,2,2,2,2,8,1,2,2,2,2,8,1
125,dev,address_change,keep,,2,2,2,2,8,1,2,2,2,2,8,1,2,2,2,2,8,1
126,dev,address_change,keep,,2,2,2,2,8,1,2,2,2,2,8,1,2,2,2,2,8,1
127,dev,address_change,keep,,2,2,2,2,8,1,2,2,2,2,8,1,2,2,2,2,8,1
128,test,address_change,keep,,2,2,2,1,7,1,2,2,2,1,7,1,2,2,2,1,7,1
129,dev,price_match,keep,,2,2,2,2,8,1,2,2,2,2,8,1,2,2,2,2,8,1
130,dev,price_match,keep,,2,2,2,2,8,1,2,2,2,2,8,1,2,2,2,2,8,1
131,dev,price_match,keep,,2,2,2,2,8,1,2,2,2,2,8,1,2,2,2,2,8,1
132,test,price_match,keep,,2,2,2,2,8,1,2,2,2,2,8,1,2,2,2,2,8,1
133,dev,price_match,keep,,1,2,2,1,6,1,1,2,2,1,6,1,1,2,2,1,6,1
134,dev,price_match,keep,,2,2,2,2,8,1,2,2,2,2,8,1,2,2,2,2,8,1
135,dev,price_match,keep,,2,2,2,2,8,1,2,2,2,2,8,1,2,2,2,2,8,1
136,test,price_match,keep,,2,2,2,2,8,1,2,2,2,2,8,1,2,2,2,2,8,1
137,dev,price_match,keep,,2,2,2,2,8,1,2,2,2,2,8,1,2,2,2,2,8,1
138,dev,price_match,keep,,2,2,2,2,8,1,2,2,2,2,8,1,2,2,2,2,8,1
139,dev,price_match,keep,,1,2,2,1,6,1,1,2,2,1,6,1,1,2,2,1,6,1
140,test,price_match,keep,,2,2,2,2,8,1,2,2,2,2,8,1,2,2,2,2,8,1
141,dev,price_match,keep,,2,2,2,2,8,1,2,2,2,2,8,1,2,2,2,2,8,1
142,dev,price_match,keep,,2,2,2,2,8,1,2,2,2,2,8,1,2,2,2,2,8,1
143,dev,price_match,keep,,2,2,2,2,8,1,2,2,2,2,8,1,2,2,2,2,8,1
144,test,price_match,keep,,2,2,2,2,8,1,2,2,2,2,8,1,2,2,2,2,8,1
145,dev,gift_cards,keep,,2,2,2,2,8,1,2,2,2,2,8,1,2,2,2,2,8,1
146,dev,gift_cards,keep,,2,2,2,2,8,1,2,2,2,2,8,1,2,2,2,2,8,1
147,dev,gift_cards,keep,,2,2,2,2,8,1,2,2,2,2,8,1,2,2,2,2,8,1
148,test,gift_cards,keep,,2,2,2,2,8,1,2,2,2,2,8,1,2,2,2,2,8,1
149,dev,gift_cards,keep,,1,2,2,2,7,1,1,2,2,2,7,1,1,2,2,2,7,1
150,dev,gift_cards,keep,,2,2,2,2,8,1,2,2,2,2,8,1,2,2,2,2,8,1
151,dev,gift_cards,keep,,2,2,2,2,8,1,2,2,2,2,8,1,2,2,2,2,8,1
152,test,gift_cards,keep,,1,2,2,2,7,1,1,2,2,2,7,1,1,2,2,2,7,1
153,dev,gift_cards,keep,,2,2,2,2,8,1,2,2,2,2,8,1,2,2,2,2,8,1
154,dev,gift_cards,keep,,2,2,2,2,8,1,2,2,2,2,8,1,2,2,2,2,8,1
155,dev,gift_cards,keep,,2,2,2,2,8,1,2,2,2,2,8,1,2,2,2,2,8,1
156,test,gift_cards,keep,,1,2,2,2,7,1,1,2,2,2,7,1,1,2,2,2,7,1
157,dev,gift_cards,keep,,2,2,2,2,8,1,2,2,2,2,8,1,2,2,2,2,8,1
158,dev,gift_cards,keep,,2,2,2,2,8,1,2,2,2,2,8,1,2,2,2,2,8,1
159,dev,gift_cards,keep,,1,2,2,2,7,1,1,2,2,2,7,1,1,2,2,2,7,1
160,test,gift_cards,keep,,2,2,2,2,8,1,2,2,2,2,8,1,2,2,2,2,8,1
